{"cameraMode":{"drawMode":0,"name":"Shaded","section":"Shading Mode"},"sceneLighting":false,"audioPlay":false,"sceneViewState":{"m_AlwaysRefresh":false,"showFog":true,"showSkybox":false,"showFlares":true,"showImageEffects":true,"showParticleSystems":true,"showVisualEffectGraphs":true,"m_FxEnabled":true},"in2DMode":false,"pivot":{"x":0.0013312697410583497,"y":1.0292015075683594,"z":0.05494034290313721},"rotation":{"x":0.040582384914159778,"y":-0.8981400728225708,"z":0.08485600352287293,"w":0.42953479290008547},"size":1.63405442237854,"orthographic":false}