{"cameraMode":{"drawMode":0,"name":"Shaded","section":"Shading Mode"},"sceneLighting":false,"audioPlay":false,"sceneViewState":{"m_AlwaysRefresh":false,"showFog":true,"showSkybox":false,"showFlares":true,"showImageEffects":true,"showParticleSystems":true,"showVisualEffectGraphs":true,"m_FxEnabled":true},"in2DMode":false,"pivot":{"x":0.001331329345703125,"y":1.045027732849121,"z":0.03297114372253418},"rotation":{"x":0.040582384914159778,"y":-0.8981400728225708,"z":0.08485600352287293,"w":0.42953479290008547},"size":1.6719918251037598,"orthographic":false}