{"cameraMode":{"drawMode":0,"name":"Shaded","section":"Shading Mode"},"sceneLighting":false,"audioPlay":false,"sceneViewState":{"m_AlwaysRefresh":false,"showFog":true,"showSkybox":false,"showFlares":true,"showImageEffects":true,"showParticleSystems":true,"showVisualEffectGraphs":true,"m_FxEnabled":true},"in2DMode":false,"pivot":{"x":0.001331329345703125,"y":1.0325169563293458,"z":0.07038897275924683},"rotation":{"x":0.040582384914159778,"y":-0.8981400728225708,"z":0.08485600352287293,"w":0.42953479290008547},"size":1.716698408126831,"orthographic":false}