{"cameraMode":{"drawMode":0,"name":"Shaded","section":"Shading Mode"},"sceneLighting":true,"audioPlay":false,"sceneViewState":{"m_AlwaysRefresh":false,"showFog":true,"showSkybox":true,"showFlares":true,"showImageEffects":true,"showParticleSystems":true,"showVisualEffectGraphs":true,"m_FxEnabled":true},"in2DMode":false,"pivot":{"x":479.48297119140627,"y":1.7824305295944214,"z":14.355437278747559},"rotation":{"x":0.07728204131126404,"y":-0.2713598906993866,"z":0.021863074973225595,"w":0.9591407179832459},"size":3.730736017227173,"orthographic":true}